X,Y,"0,0","4,3","1,2","menos 2, menos 2","menos 2,3",T
-3.708119862,5.990942096,0,0,0,0,0,0
-3.675625544,-1.433479385,0,0,0,0,0,0
5.402326914,-2.469071226,0,0,0,0,0,0
-1.159345569,0.47415971,0,0,0,0,0,0
2.551976637,4.616797813,0,0,0,0,0,0
2.519668452,0.980635375,0,0,0,0,0,0
-2.781654577,5.273107833,0,0,0,0,0,0
5.387243917,4.609381063,0,0,0,0,0,0
-0.828855626,3.385104809,0,0,0,0,1,1
3.825809098,1.113116403,0,0,0,0,0,0
2.929849454,1.520688653,0,0,0,0,0,0
5.960499802,4.238885215,0,0,0,0,0,0
0.374125499,-1.150172146,0,0,0,0,0,0
-3.54734369,-1.1475858,0,0,0,0,0,0
-3.164159414,5.670556745,0,0,0,0,0,0
-0.999458702,-0.826497687,0,0,0,1,0,1
-1.343626658,-3.222859025,0,0,0,1,0,1
5.539192477,-2.818676749,0,0,0,0,0,0
-2.50046649,4.343825454,0,0,0,0,1,1
-2.933421696,-2.727756072,0,0,0,1,0,1
2.464641804,2.986167538,0,0,0,0,0,0
4.930284405,4.465116537,0,0,0,0,0,0
-4.74741681,-2.492243842,0,0,0,0,0,0
2.512190519,2.446481141,0,0,0,0,0,0
-4.341314866,0.404415483,0,0,0,0,0,0
4.486822127,-2.015136402,0,0,0,0,0,0
1.831232465,-4.285040381,0,0,0,0,0,0
0.501342579,-0.897026044,0,0,0,0,0,0
5.464854565,3.109926806,0,0,0,0,0,0
4.692730876,-1.814679365,0,0,0,0,0,0
3.582814854,5.046979774,0,0,0,0,0,0
3.491590448,3.427984398,0,1,0,0,0,1
5.570232596,1.441044907,0,0,0,0,0,0
-4.931523922,-4.756927574,0,0,0,0,0,0
-0.79735358,-1.146019755,0,0,0,1,0,1
-1.311396582,4.650496465,0,0,0,0,1,1
3.124415835,1.13352612,0,0,0,0,0,0
0.546463184,-0.95925641,0,0,0,0,0,0
3.798031332,3.2889234,0,1,0,0,0,1
-3.797683906,-2.76282919,0,0,0,0,0,0
2.279494233,-4.74645052,0,0,0,0,0,0
-2.290143443,3.419284685,0,0,0,0,1,1
-2.27166795,2.815177927,0,0,0,0,1,1
1.114952278,4.729511254,0,0,0,0,0,0
4.743301392,-0.564467351,0,0,0,0,0,0
-1.25247411,-4.066825401,0,0,0,0,0,0
-4.470330692,-3.715755374,0,0,0,0,0,0
-0.229402991,-1.12258906,0,0,0,0,0,0
5.802133026,2.851434262,0,0,0,0,0,0
-4.602356834,-4.224594822,0,0,0,0,0,0
5.053725266,1.784102032,0,0,0,0,0,0
2.60271816,0.57738286,0,0,0,0,0,0
-2.969978737,-0.587928534,0,0,0,1,0,1
-4.584209366,-4.074753072,0,0,0,0,0,0
-1.711153379,-2.090750459,0,0,0,1,0,1
-1.571507004,0.28503018,0,0,0,0,0,0
1.530247503,0.932402786,0,0,1,0,0,1
-3.275191695,-0.282338789,0,0,0,0,0,0
-3.508567516,3.669850871,0,0,0,0,1,1
-2.420822177,-0.236627713,0,0,0,0,0,0
3.825107771,-4.02298076,0,0,0,0,0,0
-3.300010793,-1.737540675,0,0,0,1,0,1
-3.901744167,-4.851617337,0,0,0,0,0,0
-2.136675431,-3.725859211,0,0,0,1,0,1
-4.676389364,1.092944508,0,0,0,0,0,0
-2.625534967,-4.322132468,0,0,0,0,0,0
3.352186644,-0.896367822,0,0,0,0,0,0
2.51884174,-3.922161528,0,0,0,0,0,0
-1.614955064,5.033976109,0,0,0,0,0,0
0.443208213,5.890006116,0,0,0,0,0,0
3.58463704,-1.915500183,0,0,0,0,0,0
3.695037605,-1.498863412,0,0,0,0,0,0
1.553635729,-0.301232007,0,0,0,0,0,0
4.384573457,-3.063517593,0,0,0,0,0,0
1.287686985,-2.777649367,0,0,0,0,0,0
5.55345591,3.795110973,0,0,0,0,0,0
-1.489957063,0.980062861,0,0,0,0,0,0
1.589846448,3.004261777,0,0,1,0,0,1
-4.835035679,3.213794295,0,0,0,0,0,0
5.697261392,4.056032163,0,0,0,0,0,0
5.482214834,2.848022989,0,0,0,0,0,0
3.887121872,-3.102199888,0,0,0,0,0,0
-1.601791365,-1.889055562,0,0,0,1,0,1
-3.979313484,3.803997522,0,0,0,0,0,0
0.680564969,1.909233168,0,0,1,0,0,1
2.587237237,-4.976316026,0,0,0,0,0,0
-4.593358382,-0.788949552,0,0,0,0,0,0
-3.581979695,-4.465911436,0,0,0,0,0,0
2.276873186,-2.073128979,0,0,0,0,0,0
2.511600378,0.933370891,0,0,0,0,0,0
-3.283332813,-2.119799567,0,0,0,1,0,1
5.840407375,3.504293723,0,0,0,0,0,0
4.035264753,-3.81218699,0,0,0,0,0,0
4.754661955,-1.80108667,0,0,0,0,0,0
-2.243149595,4.380823929,0,0,0,0,1,1
0.71697128,0.984880182,0,0,1,0,0,1
1.267518389,1.469966244,0,0,1,0,0,1
0.769129391,3.893608529,0,0,0,0,0,0
2.880301993,3.546347128,0,1,0,0,0,1
3.605724127,-0.246033624,0,0,0,0,0,0
3.885161053,0.820530942,0,0,0,0,0,0
-0.430896961,-4.111125272,0,0,0,0,0,0
0.301705319,1.688560321,0,0,1,0,0,1
5.32188898,5.934698111,0,0,0,0,0,0
5.161283687,-2.316203587,0,0,0,0,0,0
4.136351837,-4.665655,0,0,0,0,0,0
4.606116566,4.448234615,0,0,0,0,0,0
5.761339852,-4.727085929,0,0,0,0,0,0
-3.063634404,5.692095703,0,0,0,0,0,0
-4.491508881,-4.411354122,0,0,0,0,0,0
-2.284356044,-4.805190934,0,0,0,0,0,0
4.016208413,-2.035888953,0,0,0,0,0,0
-0.507572124,-4.932414662,0,0,0,0,0,0
3.163747814,1.893124847,0,0,0,0,0,0
-1.584857443,0.75901436,0,0,0,0,0,0
0.649079101,-0.131763161,1,0,0,0,0,1
1.819175054,-4.332126311,0,0,0,0,0,0
-2.023001904,-2.037506352,0,0,0,1,0,1
2.114216592,1.695824312,0,0,1,0,0,1
2.331829426,-4.669775135,0,0,0,0,0,0
5.2038394,0.681614952,0,0,0,0,0,0
0.699195959,-3.878150487,0,0,0,0,0,0
0.056786455,3.58545487,0,0,0,0,0,0
1.895544944,-0.603331349,0,0,0,0,0,0
1.088605434,-2.974293445,0,0,0,0,0,0
0.248473517,0.345955766,1,0,0,0,0,1
-2.165658937,2.636917656,0,0,0,0,1,1
3.75553209,-2.83885744,0,0,0,0,0,0
4.582065988,-0.958045432,0,0,0,0,0,0
2.311105816,-4.372817407,0,0,0,0,0,0
-3.178825907,2.84601696,0,0,0,0,1,1
-1.186149801,0.166360504,0,0,0,0,0,0
-3.85723829,-4.537806364,0,0,0,0,0,0
4.142826702,-3.235206059,0,0,0,0,0,0
-0.397749059,-2.501811408,0,0,0,1,0,1
-0.136552795,-2.301521061,0,0,0,0,0,0
2.160028211,0.915395162,0,0,0,0,0,0
-3.77068913,0.183522486,0,0,0,0,0,0
-4.652885405,-0.661862473,0,0,0,0,0,0
-4.323112684,0.20468545,0,0,0,0,0,0
2.416942321,5.602736669,0,0,0,0,0,0
2.175451522,-4.404451279,0,0,0,0,0,0
-2.103138465,4.37624556,0,0,0,0,1,1
4.462121641,3.549537758,0,1,0,0,0,1
4.332314016,4.959507082,0,0,0,0,0,0
-2.715115491,1.139267419,0,0,0,0,1,1
1.351678109,-3.975185884,0,0,0,0,0,0
-2.946952262,5.898068615,0,0,0,0,0,0
1.183518672,5.69012311,0,0,0,0,0,0
-1.534691088,0.212283071,0,0,0,0,0,0
5.170124325,4.927914351,0,0,0,0,0,0
-3.946383549,-3.25569915,0,0,0,0,0,0
-4.912079356,4.33901344,0,0,0,0,0,0
2.289622775,-1.124263461,0,0,0,0,0,0
-1.340981143,3.635477856,0,0,0,0,1,1
-3.70267823,-2.784287384,0,0,0,0,0,0
1.129538191,-4.676745686,0,0,0,0,0,0
5.237682646,-3.180685746,0,0,0,0,0,0
-1.76733959,5.523496186,0,0,0,0,0,0
-0.118487411,5.706901081,0,0,0,0,0,0
2.324760519,4.190927768,0,0,0,0,0,0
5.811709191,-1.460006196,0,0,0,0,0,0
-3.56412485,-0.307768417,0,0,0,0,0,0
-2.423918331,-4.121713424,0,0,0,0,0,0
4.886775522,-0.797438547,0,0,0,0,0,0
5.790649773,5.168999741,0,0,0,0,0,0
3.588848406,3.519315491,0,1,0,0,0,1
-2.805790192,-3.010497331,0,0,0,1,0,1
-0.702907522,-1.655643515,0,0,0,1,0,1
-0.950791944,1.017568492,0,0,0,0,0,0
-0.112410465,-0.141664413,1,0,0,0,0,1
4.025928779,5.552558352,0,0,0,0,0,0
-2.005413401,0.627192191,0,0,0,0,0,0
3.296530487,-4.18715812,0,0,0,0,0,0
3.352216847,3.484039165,0,1,0,0,0,1
3.427513278,1.215570937,0,0,0,0,0,0
2.005696681,5.020870438,0,0,0,0,0,0
-4.950138149,-3.541379247,0,0,0,0,0,0
0.94924848,-0.122070502,1,0,0,0,0,1
2.564334697,4.97947913,0,0,0,0,0,0
5.374318599,0.841695969,0,0,0,0,0,0
-2.846337322,-2.004892296,0,0,0,1,0,1
2.153576577,3.552274586,0,0,0,0,0,0
5.186226635,-1.728225646,0,0,0,0,0,0
-0.588940617,-3.77069509,0,0,0,0,0,0
-0.737936963,2.074070848,0,0,0,0,1,1
-2.302919612,0.815593687,0,0,0,0,0,0
-3.666630713,-3.104084063,0,0,0,0,0,0
3.213609493,-2.275659309,0,0,0,0,0,0
-0.993442125,5.234395825,0,0,0,0,0,0
-2.561185619,-4.672195825,0,0,0,0,0,0
-3.683698658,2.959377818,0,0,0,0,1,1
4.927517207,-1.272631789,0,0,0,0,0,0
-3.724614547,-4.075892398,0,0,0,0,0,0
-3.76789717,2.268162547,0,0,0,0,1,1
5.695384699,-2.692697274,0,0,0,0,0,0
-2.524819398,-2.692400596,0,0,0,1,0,1
-3.205048844,5.939439129,0,0,0,0,0,0
-3.201949598,-3.742018995,0,0,0,0,0,0
-0.222674392,-3.51716217,0,0,0,0,0,0
-1.365015443,1.597505447,0,0,0,0,1,1
-1.674419115,-0.451872972,0,0,0,1,0,1
0.906700957,-4.224020941,0,0,0,0,0,0
-3.411172568,-2.493996711,0,0,0,1,0,1
1.792920629,3.790533267,0,0,0,0,0,0
-4.79806505,-0.471682252,0,0,0,0,0,0
-0.529324303,0.47205594,1,0,0,0,0,1
2.03534495,-2.770610046,0,0,0,0,0,0
-4.100375401,-2.193898069,0,0,0,0,0,0
0.29101429,-2.281036168,0,0,0,0,0,0
5.682628912,0.682678599,0,0,0,0,0,0
0.087416739,-3.744979896,0,0,0,0,0,0
-4.44440174,-0.188191301,0,0,0,0,0,0
-4.749540461,-2.287915786,0,0,0,0,0,0
-4.057422329,4.547823084,0,0,0,0,0,0
-3.469983379,4.301127637,0,0,0,0,1,1
0.399730928,5.803334367,0,0,0,0,0,0
3.629953057,0.535722356,0,0,0,0,0,0
-4.310314895,-3.200313791,0,0,0,0,0,0
5.865672775,0.508539212,0,0,0,0,0,0
0.812178382,5.000038998,0,0,0,0,0,0
0.095119983,-3.726569954,0,0,0,0,0,0
-1.756336384,1.323351482,0,0,0,0,1,1
-2.277027352,1.705995002,0,0,0,0,1,1
-3.274303115,3.204602094,0,0,0,0,1,1
0.438777123,5.963837754,0,0,0,0,0,0
4.530965889,-1.162448359,0,0,0,0,0,0
-3.034323794,4.512045612,0,0,0,0,1,1
-1.682468442,3.576304644,0,0,0,0,1,1
-2.779356111,2.735591094,0,0,0,0,1,1
0.890334721,-4.40667067,0,0,0,0,0,0
4.227558228,0.992574773,0,0,0,0,0,0
1.560324955,-2.685588809,0,0,0,0,0,0
2.320096137,0.319555238,0,0,0,0,0,0
5.688588224,2.464273251,0,0,0,0,0,0
-2.770892273,-4.753361903,0,0,0,0,0,0
-1.817160867,-1.84552085,0,0,0,1,0,1
-1.509123058,-0.281694751,0,0,0,0,0,0
-3.167260058,-2.397064386,0,0,0,1,0,1
-4.806773218,-1.920838207,0,0,0,0,0,0
-2.718642625,4.174231364,0,0,0,0,1,1
-0.118021644,2.586211681,0,0,1,0,1,1
2.876772207,-3.075209078,0,0,0,0,0,0
1.351118119,-3.87896552,0,0,0,0,0,0
-2.744192452,-1.384477014,0,0,0,1,0,1
3.455254638,5.011627154,0,0,0,0,0,0
0.875074422,-1.585641642,0,0,0,0,0,0
0.143479153,-0.520409655,1,0,0,0,0,1
-3.470742775,-0.29287492,0,0,0,0,0,0
1.361660954,2.144472853,0,0,1,0,0,1
-0.002787358,1.64378373,0,0,1,0,0,1
-0.969257283,1.822171691,0,0,0,0,1,1
-2.560095668,4.887288414,0,0,0,0,1,1
2.129699548,-2.034608852,0,0,0,0,0,0
2.437569576,3.208328333,0,0,0,0,0,0
-0.991084827,-1.822177017,0,0,0,1,0,1
5.023873469,0.739030611,0,0,0,0,0,0
4.930213893,1.362957992,0,0,0,0,0,0
3.408593216,-4.906057829,0,0,0,0,0,0
1.898267466,-4.196936465,0,0,0,0,0,0
1.800910993,5.04828883,0,0,0,0,0,0
-2.20532583,-4.200071509,0,0,0,0,0,0
1.654227235,0.228545699,0,0,0,0,0,0
0.735374472,5.236286021,0,0,0,0,0,0
-4.295973814,-1.516346823,0,0,0,0,0,0
-0.454654934,-1.595812827,0,0,0,1,0,1
5.593688403,4.858383768,0,0,0,0,0,0
-3.938418821,-2.979254789,0,0,0,0,0,0
-2.746135249,-4.756142849,0,0,0,0,0,0
3.230725919,-1.637333888,0,0,0,0,0,0
4.097135331,3.081561741,0,1,0,0,0,1
-1.510053227,0.923400628,0,0,0,0,0,0
4.377847547,4.092505152,0,1,0,0,0,1
-4.906589931,4.430368371,0,0,0,0,0,0
-4.984134966,-2.191136577,0,0,0,0,0,0
5.499530167,0.026275111,0,0,0,0,0,0
-3.153045461,5.913604721,0,0,0,0,0,0
-4.896222378,-0.461909309,0,0,0,0,0,0
3.279662829,5.833971231,0,0,0,0,0,0
-0.61043161,-4.533011984,0,0,0,0,0,0
0.150132798,2.557618191,0,0,1,0,0,1
2.657386454,4.583096871,0,0,0,0,0,0
-4.241675511,1.411491397,0,0,0,0,0,0
3.297643034,3.695005704,0,1,0,0,0,1
-0.763643923,2.349841395,0,0,0,0,1,1
2.856362768,2.927630856,0,1,0,0,0,1
2.612802005,-2.520050104,0,0,0,0,0,0
1.700788733,1.481229042,0,0,1,0,0,1
-2.516957724,-1.237860239,0,0,0,1,0,1
0.947315185,1.148716207,0,0,1,0,0,1
-3.432471874,1.493387343,0,0,0,0,0,0
0.767635916,1.132658308,0,0,1,0,0,1
4.62908466,-1.94460925,0,0,0,0,0,0
-3.420268514,3.812907354,0,0,0,0,1,1
-0.505797289,0.10304234,1,0,0,0,0,1
-3.977697339,0.10139794,0,0,0,0,0,0
-1.742787571,4.289473644,0,0,0,0,1,1
4.322970976,4.27415504,0,0,0,0,0,0
-1.484103584,2.283055121,0,0,0,0,1,1
2.614221421,3.339433116,0,0,0,0,0,0
-0.17579791,4.866637819,0,0,0,0,0,0
-0.918780292,-1.625271896,0,0,0,1,0,1
-0.268524986,3.606932239,0,0,0,0,1,1
5.425351539,1.528990613,0,0,0,0,0,0
3.464256389,-1.117813239,0,0,0,0,0,0
0.13017516,-0.190809327,1,0,0,0,0,1
0.0215953,-2.814111195,0,0,0,0,0,0
-4.223124709,1.918205542,0,0,0,0,0,0
2.450279309,3.666485772,0,0,0,0,0,0
-1.41554417,-4.152812738,0,0,0,0,0,0
2.151332133,-3.717295921,0,0,0,0,0,0
1.953281678,0.965576638,0,0,1,0,0,1
4.229895892,-2.975771712,0,0,0,0,0,0
0.877083204,2.46824222,0,0,1,0,0,1
-0.713923239,-1.929771769,0,0,0,1,0,1
3.520023072,-4.083128293,0,0,0,0,0,0
-4.73783323,-3.363525036,0,0,0,0,0,0
4.347014657,1.107015532,0,0,0,0,0,0
1.918905983,-0.219433742,0,0,0,0,0,0
3.391861474,-1.026970303,0,0,0,0,0,0
-3.660432561,-1.880415269,0,0,0,1,0,1
-3.841363043,0.048703923,0,0,0,0,0,0
3.432676344,5.441868683,0,0,0,0,0,0
-3.656904159,2.999675272,0,0,0,0,1,1
3.276202875,0.025175096,0,0,0,0,0,0
0.734609067,-4.365282551,0,0,0,0,0,0
-1.749926828,-3.415098718,0,0,0,1,0,1
5.156316902,3.806024169,0,0,0,0,0,0
0.825841711,5.930135435,0,0,0,0,0,0
2.870431568,1.636364595,0,0,0,0,0,0
-4.242934885,-4.289782191,0,0,0,0,0,0
-4.458474195,-4.020693197,0,0,0,0,0,0
3.338032098,1.896124165,0,0,0,0,0,0
5.060801679,-3.652906115,0,0,0,0,0,0
2.360046301,5.853765254,0,0,0,0,0,0
4.116179821,1.68172164,0,0,0,0,0,0
-4.730474841,5.078410033,0,0,0,0,0,0
2.627460322,-1.196929473,0,0,0,0,0,0
3.455903515,-4.768981376,0,0,0,0,0,0
-1.461334937,-4.396052249,0,0,0,0,0,0
0.597252009,-3.864458732,0,0,0,0,0,0
5.444975575,-2.277643691,0,0,0,0,0,0
5.873829236,-1.694209789,0,0,0,0,0,0
-2.808812602,-3.749332484,0,0,0,0,0,0
-2.194003331,0.748882137,0,0,0,0,0,0
-4.308151702,1.568112451,0,0,0,0,0,0
-1.797547722,-2.753686665,0,0,0,1,0,1
3.73801352,-0.317207123,0,0,0,0,0,0
1.161075792,-0.641898886,0,0,0,0,0,0
5.771304367,0.067482573,0,0,0,0,0,0
-3.232367897,2.725187981,0,0,0,0,1,1
-2.461983795,-3.844715249,0,0,0,0,0,0
-0.000334502,1.807149857,0,0,1,0,0,1
0.72527692,-3.963975783,0,0,0,0,0,0
0.947372657,-0.093321378,1,0,0,0,0,1
0.027496746,-2.347217628,0,0,0,0,0,0
-3.4622322,-0.401917419,0,0,0,0,0,0
-3.215721996,-2.541528922,0,0,0,1,0,1
-1.566162385,2.050067727,0,0,0,0,1,1
-2.135663998,0.301858159,0,0,0,0,0,0
-1.333771547,5.915989198,0,0,0,0,0,0
-0.544293293,2.334154256,0,0,0,0,1,1
4.575261817,1.378143915,0,0,0,0,0,0
1.035595679,4.797565495,0,0,0,0,0,0
-0.659268919,-0.39864715,1,0,0,0,0,1
5.807271781,1.401749156,0,0,0,0,0,0
0.860583146,-2.137192201,0,0,0,0,0,0
-2.599103482,-0.220791364,0,0,0,0,0,0
1.308224114,3.072661757,0,0,1,0,0,1
-2.30657006,-3.206988392,0,0,0,1,0,1
-1.990541864,5.743228779,0,0,0,0,0,0
-1.939597995,-4.680896773,0,0,0,0,0,0
2.962753257,-4.69344321,0,0,0,0,0,0
5.018682187,-4.889561916,0,0,0,0,0,0
1.208854537,5.284516679,0,0,0,0,0,0
-1.325710045,3.91074089,0,0,0,0,1,1
-4.373386138,4.473523459,0,0,0,0,0,0
-4.571634547,0.017373364,0,0,0,0,0,0
5.488048071,-3.234424757,0,0,0,0,0,0
-0.923798999,1.828884266,0,0,0,0,1,1
-1.878098515,3.656419911,0,0,0,0,1,1
4.363485662,-1.410597328,0,0,0,0,0,0
-3.814511986,4.848132296,0,0,0,0,0,0
4.472746258,-4.636681256,0,0,0,0,0,0
-0.581723791,-0.054059979,1,0,0,0,0,1
5.112867947,-0.368904992,0,0,0,0,0,0
-0.961311605,-1.495351428,0,0,0,1,0,1
1.209091471,-3.013589032,0,0,0,0,0,0
-0.84079411,4.135346053,0,0,0,0,1,1
-4.756576652,-3.988179382,0,0,0,0,0,0
4.890806604,-0.022370706,0,0,0,0,0,0
-4.248183966,-1.910421319,0,0,0,0,0,0
-4.636756455,-1.003771342,0,0,0,0,0,0
4.350600966,4.787450539,0,0,0,0,0,0
4.023337667,-2.513475377,0,0,0,0,0,0
-0.142022106,-1.375754241,0,0,0,0,0,0
-4.526309683,-1.749139479,0,0,0,0,0,0
4.59112643,-0.124307519,0,0,0,0,0,0
1.528028375,-2.815998399,0,0,0,0,0,0
0.044941365,-1.334683741,0,0,0,0,0,0
3.07853312,5.268027009,0,0,0,0,0,0
0.952701882,0.686999389,0,0,1,0,0,1
-4.291901515,1.701090759,0,0,0,0,0,0
4.624149687,5.594067333,0,0,0,0,0,0
-4.347062789,5.474020175,0,0,0,0,0,0
-3.429938395,5.186368955,0,0,0,0,0,0
2.63311761,1.436673085,0,0,0,0,0,0
-4.801424037,-1.506921081,0,0,0,0,0,0
-2.201720325,0.376295177,0,0,0,0,0,0
-1.450429588,1.498021518,0,0,0,0,1,1
3.380449132,1.90298654,0,0,0,0,0,0
-0.558340232,-3.517401012,0,0,0,0,0,0
0.954691933,3.34575824,0,0,1,0,0,1
1.496564992,4.189959359,0,0,0,0,0,0
5.400011201,4.008555607,0,0,0,0,0,0
-3.892828752,3.241999359,0,0,0,0,1,1
2.04086468,2.070337638,0,0,1,0,0,1
0.768496188,2.787233695,0,0,1,0,0,1
-4.426843409,2.934462945,0,0,0,0,0,0
-0.851198878,2.852032921,0,0,0,0,1,1
1.762274901,-0.592702818,0,0,0,0,0,0
1.762785366,0.870791729,0,0,1,0,0,1
-2.304888095,-3.512778094,0,0,0,1,0,1
-1.447142037,0.797655335,0,0,0,0,0,0
2.963593458,-1.047954395,0,0,0,0,0,0
3.887494701,3.462803487,0,1,0,0,0,1
-3.97182363,5.661702538,0,0,0,0,0,0
-4.792837474,-1.90317036,0,0,0,0,0,0
-2.737787905,-1.37062924,0,0,0,1,0,1
0.496845686,4.045293924,0,0,0,0,0,0
5.935221536,0.25699823,0,0,0,0,0,0
-3.037649842,0.516414305,0,0,0,0,0,0
4.920577345,-3.285460543,0,0,0,0,0,0
-0.667646048,5.285841501,0,0,0,0,0,0
4.987840941,-0.219937661,0,0,0,0,0,0
5.218163054,-3.603162774,0,0,0,0,0,0
-1.612468497,-1.13513788,0,0,0,1,0,1
4.696966175,2.442140359,0,1,0,0,0,1
0.395344856,0.821992915,1,0,1,0,0,1
-1.635497702,1.877361252,0,0,0,0,1,1
-4.466761704,5.813796315,0,0,0,0,0,0
-1.210387415,2.322139164,0,0,0,0,1,1
3.431972281,0.007361953,0,0,0,0,0,0
-0.196499096,2.654252492,0,0,1,0,1,1
0.890428838,-4.058652257,0,0,0,0,0,0
-0.955731832,1.052241047,0,0,0,0,0,0
4.198111773,1.995114682,0,1,0,0,0,1
-4.709207301,3.928229128,0,0,0,0,0,0
1.834612273,0.389174567,0,0,0,0,0,0
5.494931521,1.213243395,0,0,0,0,0,0
-0.518239766,0.642449123,1,0,0,0,0,1
2.120824013,-1.986688697,0,0,0,0,0,0
2.653139102,-3.909400177,0,0,0,0,0,0
-1.43358497,4.764710653,0,0,0,0,1,1
5.99544908,-2.479790411,0,0,0,0,0,0
4.441798006,5.812316237,0,0,0,0,0,0
-3.392378062,-4.134399606,0,0,0,0,0,0
5.343545528,-4.92326585,0,0,0,0,0,0
1.451142186,1.948745789,0,0,1,0,0,1
3.050746196,-0.705072138,0,0,0,0,0,0
0.506787081,5.397068732,0,0,0,0,0,0
0.390311774,0.790277562,1,0,1,0,0,1
5.375888892,0.890903263,0,0,0,0,0,0
5.899317025,2.849768304,0,0,0,0,0,0
-0.09340387,-3.418988484,0,0,0,0,0,0
2.058381999,-0.587311879,0,0,0,0,0,0
1.503658479,3.485361492,0,0,0,0,0,0
-2.135792545,3.829547125,0,0,0,0,1,1
-3.599455495,-4.701939847,0,0,0,0,0,0
1.820499016,-0.253418576,0,0,0,0,0,0
-3.410150322,2.2912051,0,0,0,0,1,1
4.019796869,3.275888574,0,1,0,0,0,1
-4.651875138,1.748740073,0,0,0,0,0,0
2.677846715,-1.326471919,0,0,0,0,0,0
4.609674839,-3.127643232,0,0,0,0,0,0
-1.751953134,-0.858353746,0,0,0,1,0,1
-1.907015134,-0.109787517,0,0,0,0,0,0
-4.410908557,-3.371429422,0,0,0,0,0,0
-0.332953732,-2.227437352,0,0,0,1,0,1
-2.776421114,5.966802657,0,0,0,0,0,0
-2.542933912,-3.347688663,0,0,0,1,0,1
3.595125759,-2.894239435,0,0,0,0,0,0
-0.89616422,2.610325704,0,0,0,0,1,1
2.729128212,-3.075391307,0,0,0,0,0,0
0.841647051,-4.211482594,0,0,0,0,0,0
5.756282598,-1.570397131,0,0,0,0,0,0
1.825990778,4.308618152,0,0,0,0,0,0
2.517655231,3.342139394,0,0,0,0,0,0
4.048045701,0.494436476,0,0,0,0,0,0
5.786750955,-2.724669491,0,0,0,0,0,0
3.215647018,5.160579291,0,0,0,0,0,0
3.704369862,0.94778326,0,0,0,0,0,0
-0.731974373,-2.578726947,0,0,0,1,0,1
5.224430234,2.417533663,0,0,0,0,0,0
-0.545944013,-4.899096508,0,0,0,0,0,0
-1.661940619,1.547084278,0,0,0,0,1,1
4.382139483,3.68299636,0,1,0,0,0,1
1.008888884,-1.191677746,0,0,0,0,0,0
0.166404823,4.668393591,0,0,0,0,0,0
1.058706171,-0.122186608,0,0,0,0,0,0
1.229498162,2.565249843,0,0,1,0,0,1
2.032496246,2.210663674,0,0,1,0,0,1
-0.446569122,5.800498547,0,0,0,0,0,0
0.843255326,-2.838302169,0,0,0,0,0,0
-0.141329586,2.737470079,0,0,1,0,1,1
1.298617052,-0.836657552,0,0,0,0,0,0
-0.048547065,-0.54750596,1,0,0,0,0,1
-1.691557569,-3.500652509,0,0,0,1,0,1
3.928537332,0.711273486,0,0,0,0,0,0
-4.192861559,-0.987291669,0,0,0,0,0,0
-1.039294688,-1.867546039,0,0,0,1,0,1
-2.010806934,-3.717226972,0,0,0,1,0,1
-1.991968757,-3.162401887,0,0,0,1,0,1
-4.245338714,-0.668960399,0,0,0,0,0,0
-2.927612131,-3.52081026,0,0,0,0,0,0
-0.213702081,2.325279859,0,0,1,0,1,1
-1.173277651,0.819592037,0,0,0,0,0,0
0.413456549,-4.608102088,0,0,0,0,0,0
-2.017387613,5.630177178,0,0,0,0,0,0
0.637109464,1.855851651,0,0,1,0,0,1
-4.072778291,4.817239378,0,0,0,0,0,0
-0.741077965,-4.185431764,0,0,0,0,0,0
3.449914404,5.570655105,0,0,0,0,0,0
1.602050566,-4.88388436,0,0,0,0,0,0
2.518627849,0.368482751,0,0,0,0,0,0
-3.068410683,4.994868957,0,0,0,0,0,0
-3.926610796,1.30203477,0,0,0,0,0,0
4.735685866,-2.200735093,0,0,0,0,0,0
4.114725053,5.416693985,0,0,0,0,0,0
3.028242373,5.654011522,0,0,0,0,0,0
3.694093694,2.376079666,0,1,0,0,0,1
2.42515468,1.020962463,0,0,0,0,0,0
-4.922273864,-3.870962821,0,0,0,0,0,0
-2.368386076,-2.481664868,0,0,0,1,0,1
-0.084162909,-2.083761158,0,0,0,0,0,0
5.056587805,-1.424150042,0,0,0,0,0,0
2.305820289,-4.363341721,0,0,0,0,0,0
4.671209705,-4.680720748,0,0,0,0,0,0
4.547695368,-1.485095717,0,0,0,0,0,0
-4.655797374,5.081479449,0,0,0,0,0,0
-1.69974155,-2.098364924,0,0,0,1,0,1
3.034591672,-2.613297085,0,0,0,0,0,0
-4.195155915,0.612463494,0,0,0,0,0,0
3.33901399,-1.539098979,0,0,0,0,0,0
3.735617643,3.701023619,0,1,0,0,0,1
5.699850822,4.256786679,0,0,0,0,0,0
1.944242373,-4.750548565,0,0,0,0,0,0
5.826043491,-4.148948271,0,0,0,0,0,0
-2.761764085,1.925486832,0,0,0,0,1,1
-3.909870389,-1.45691812,0,0,0,0,0,0
5.686052478,3.97234536,0,0,0,0,0,0
-1.927116254,-0.232300675,0,0,0,0,0,0
-4.943122681,1.653414984,0,0,0,0,0,0
3.45958648,-2.57754214,0,0,0,0,0,0
4.267921543,-2.538378879,0,0,0,0,0,0
-4.576802759,4.084742126,0,0,0,0,0,0
3.857352271,1.697312741,0,0,0,0,0,0
-2.27367163,3.509617215,0,0,0,0,1,1
-3.689107539,4.915659132,0,0,0,0,0,0
0.890664253,-2.431154523,0,0,0,0,0,0
1.635930044,-3.906593848,0,0,0,0,0,0
-2.799774457,3.555762273,0,0,0,0,1,1
1.267586664,5.964069307,0,0,0,0,0,0
-0.306577302,-1.493279894,0,0,0,0,0,0
-1.315972864,2.198235705,0,0,0,0,1,1
-1.964431729,4.579343447,0,0,0,0,1,1
-0.884714398,-0.435183056,1,0,0,0,0,1
0.794514399,-0.678245413,0,0,0,0,0,0
-1.059890116,0.936426045,0,0,0,0,0,0
-1.678013251,4.146917164,0,0,0,0,1,1
2.744429388,3.420139857,0,0,0,0,0,0
4.864997161,-0.157344133,0,0,0,0,0,0
-2.567926096,4.920957261,0,0,0,0,0,0
5.027345153,0.031757999,0,0,0,0,0,0
1.879708563,-2.56048533,0,0,0,0,0,0
2.134246173,-3.850482409,0,0,0,0,0,0
-1.14628538,1.814739721,0,0,0,0,1,1
3.765231332,2.114282242,0,1,0,0,0,1
1.245563166,-2.970528394,0,0,0,0,0,0
4.892191973,1.872560142,0,0,0,0,0,0
4.731025632,5.252798192,0,0,0,0,0,0
-0.709843263,2.727475348,0,0,0,0,1,1
-1.142737458,-1.899965441,0,0,0,1,0,1
4.3062033,2.045514504,0,1,0,0,0,1
-4.538286734,-4.955770989,0,0,0,0,0,0
-4.162558322,-1.498504813,0,0,0,0,0,0
-4.620386331,-0.311145859,0,0,0,0,0,0
4.39692852,-0.75122943,0,0,0,0,0,0
5.592331698,-3.522945607,0,0,0,0,0,0
0.122330091,0.548859964,1,0,0,0,0,1
4.623217293,-1.244792413,0,0,0,0,0,0
1.195114531,1.007936546,0,0,1,0,0,1
-3.598684809,3.584682385,0,0,0,0,1,1
-3.689909158,2.108963238,0,0,0,0,1,1
3.288788839,1.786955095,0,0,0,0,0,0
2.914739665,0.383267155,0,0,0,0,0,0
5.230244819,1.862443108,0,0,0,0,0,0
1.68767366,-1.50164286,0,0,0,0,0,0
-1.112603087,4.310314131,0,0,0,0,1,1
5.497792159,-1.739633148,0,0,0,0,0,0
-4.756236108,4.915486757,0,0,0,0,0,0
1.00328507,0.074279156,0,0,0,0,0,0
-3.143167339,3.192539364,0,0,0,0,1,1
-3.692388136,3.07861144,0,0,0,0,1,1
1.187359052,3.877144472,0,0,0,0,0,0
-4.147288575,5.864566761,0,0,0,0,0,0
-0.124758049,-0.773686322,,0,0,0,0,0
-4.387705141,1.656560423,,0,0,0,0,0
-3.610397716,-1.871556052,,0,0,1,0,1
5.78611557,5.289764896,,0,0,0,0,0
-4.394704955,-1.016091843,,0,0,0,0,0
3.504222456,1.031001359,,0,0,0,0,0
2.585743151,-3.301712501,,0,0,0,0,0
-3.098245563,0.44196383,,0,0,0,0,0
-3.098438312,-0.041945229,,0,0,0,0,0
3.725569048,-2.658823753,,0,0,0,0,0
5.904666165,-0.393479969,,0,0,0,0,0
-0.123490917,-2.868565642,,0,0,0,0,0
4.905552079,-0.506315373,,0,0,0,0,0
5.01015499,3.373848482,,1,0,0,0,1
3.059817715,-1.710136453,,0,0,0,0,0
2.299102779,-1.6520207,,0,0,0,0,0
-2.088045161,4.528075879,,0,0,0,1,1
0.651210381,1.215368482,,0,1,0,0,1
0.387851238,-4.300467249,,0,0,0,0,0
1.61755824,0.098812828,,0,0,0,0,0
5.083619777,-2.521790716,,0,0,0,0,0
-1.287698189,-1.671322775,,0,0,1,0,1
3.248842731,-1.564440917,,0,0,0,0,0
2.898188703,3.338997655,,1,0,0,0,1
-4.099400729,3.773483496,,0,0,0,0,0
-2.998625793,-3.826866528,,0,0,0,0,0
-2.427705844,-4.208391131,,0,0,0,0,0
-4.273338984,-0.115993118,,0,0,0,0,0
4.767734958,3.829159791,,1,0,0,0,1
-0.869998726,-2.248676215,,0,0,1,0,1
5.146000609,1.169045563,,0,0,0,0,0
0.274525772,5.815938385,,0,0,0,0,0
1.825490758,5.527154074,,0,0,0,0,0
-0.656129848,-4.906517929,,0,0,0,0,0
-2.442905263,4.534016224,,0,0,0,1,1
2.613228025,4.830462196,,0,0,0,0,0
2.418943713,2.98358784,,0,0,0,0,0
-2.755389658,-3.659380633,,0,0,0,0,0
-0.011308712,-1.945322132,,0,0,0,0,0
1.580723668,-0.972326658,,0,0,0,0,0
-1.3927473,4.191731017,,0,0,0,1,1
0.264485582,-3.904745459,,0,0,0,0,0
3.401489376,3.75138038,,1,0,0,0,1
-0.386690163,-2.155697083,,0,0,1,0,1
-1.503942708,-0.117051163,,0,0,0,0,0
3.992784734,2.777012881,,1,0,0,0,1
3.451211354,-3.316083144,,0,0,0,0,0
1.66497969,2.439765112,,0,1,0,0,1
3.432867671,2.590135622,,1,0,0,0,1
-4.140749857,2.320895906,,0,0,0,0,0
3.593620762,-3.570198376,,0,0,0,0,0
-1.695195494,-3.37336116,,0,0,1,0,1
-4.09323258,2.502205045,,0,0,0,0,0
-3.871691822,3.29105579,,0,0,0,1,1
-0.031944263,1.073148471,,0,1,0,0,1
2.373915209,5.305532768,,0,0,0,0,0
2.68311724,-0.795606325,,0,0,0,0,0
-0.252764567,-0.096587384,,0,0,0,0,0
-4.41373943,-3.028317725,,0,0,0,0,0
-0.662149698,-1.600591429,,0,0,1,0,1
-4.189384321,2.078441348,,0,0,0,0,0
1.512357295,1.908437713,,0,1,0,0,1
1.837336691,-3.102315889,,0,0,0,0,0
5.852477537,0.882914538,,0,0,0,0,0
-2.33135759,4.531756407,,0,0,0,1,1
-3.509503258,5.021659336,,0,0,0,0,0
0.402615817,-3.628421748,,0,0,0,0,0
-0.355774577,4.77839927,,0,0,0,0,0
-0.795332828,-0.583041692,,0,0,0,0,0
-2.599925998,4.2406184,,0,0,0,1,1
5.256408687,0.23318132,,0,0,0,0,0
3.72200797,-3.440010706,,0,0,0,0,0
2.863911157,-1.868826794,,0,0,0,0,0
-0.263639906,3.985944354,,0,0,0,1,1
2.779565857,2.507150876,,0,0,0,0,0
-2.466222897,4.428211041,,0,0,0,1,1
3.893962542,2.993767674,,1,0,0,0,1
2.386676114,-4.609729093,,0,0,0,0,0
-1.960556089,-0.113189693,,0,0,0,0,0
-1.650629841,3.374008806,,0,0,0,1,1
4.332874243,-0.275339361,,0,0,0,0,0
-1.345995648,-0.275512976,,0,0,0,0,0
0.437665908,-4.171362291,,0,0,0,0,0
-3.633268572,-4.223404306,,0,0,0,0,0
-4.76446986,-3.183732249,,0,0,0,0,0
-1.224871108,-3.216542379,,0,0,1,0,1
5.331967513,2.65724162,,0,0,0,0,0
5.804594944,-4.184342707,,0,0,0,0,0
-0.328987043,-0.163342463,,0,0,0,0,0
-3.385788692,-3.610496592,,0,0,0,0,0
5.128843561,-4.514615195,,0,0,0,0,0
-0.968943602,-3.404048957,,0,0,1,0,1
0.459749212,1.79997079,,0,1,0,0,1
3.808971291,5.48704615,,0,0,0,0,0
-3.530025163,3.265475682,,0,0,0,1,1
-4.370805223,5.023437993,,0,0,0,0,0
3.234829156,-3.640978131,,0,0,0,0,0
-2.960500709,-3.472907428,,0,0,0,0,0
5.06267684,5.675053057,,0,0,0,0,0
1.295436999,-1.822895974,,0,0,0,0,0
-2.549278076,4.138670753,,0,0,0,1,1
3.027337677,3.236447302,,1,0,0,0,1
5.034783652,-1.232031182,,0,0,0,0,0
1.160126807,1.085922266,,0,1,0,0,1
-3.005614483,0.234099192,,0,0,0,0,0
-2.317118804,-4.992943519,,0,0,0,0,0
3.333983554,-1.954028728,,0,0,0,0,0
-0.069241732,0.120341877,,0,0,0,0,0
-2.526063623,-3.518793678,,0,0,1,0,1
2.529975189,-0.582424919,,0,0,0,0,0
5.434212406,-3.770949353,,0,0,0,0,0
2.488002427,1.704957534,,0,0,0,0,0
1.990123034,0.843884371,,0,0,0,0,0
-3.258742376,0.987124962,,0,0,0,0,0
5.365380895,0.755596225,,0,0,0,0,0
0.632241764,4.666386428,,0,0,0,0,0
3.271074619,0.639891542,,0,0,0,0,0
-0.933166589,-4.493906984,,0,0,0,0,0
-4.885798411,1.591685748,,0,0,0,0,0
-1.563691155,1.251657738,,0,0,0,1,1
1.983245092,-0.714695314,,0,0,0,0,0
-1.143804038,5.415867196,,0,0,0,0,0
-4.95434964,-1.347214821,,0,0,0,0,0
-1.268787775,-3.280022018,,0,0,1,0,1
3.811832594,2.105884417,,1,0,0,0,1
5.847976721,5.399777091,,0,0,0,0,0
-3.714691398,2.527790315,,0,0,0,1,1
-4.352164693,2.518706939,,0,0,0,0,0
-2.144126904,-1.124896325,,0,0,1,0,1
3.970894366,4.189903078,,1,0,0,0,1
-3.189411081,5.574436134,,0,0,0,0,0
5.834650215,5.119634389,,0,0,0,0,0
-0.879980398,5.219290619,,0,0,0,0,0
4.506979604,-3.43187624,,0,0,0,0,0
-4.820752267,-1.630595264,,0,0,0,0,0
4.578300881,-0.326456496,,0,0,0,0,0
4.667642488,4.8541954,,0,0,0,0,0
1.501653023,-4.909128989,,0,0,0,0,0
-3.389004594,4.339562997,,0,0,0,1,1
-1.944146043,-2.63973247,,0,0,1,0,1
-2.156379733,2.657110541,,0,0,0,1,1
-0.680245867,3.215740087,,0,0,0,1,1
3.538664127,-0.583018173,,0,0,0,0,0
-2.296524377,-0.851102655,,0,0,1,0,1
-4.699738141,3.994870475,,0,0,0,0,0
3.124995553,2.863970446,,1,0,0,0,1
3.615596886,-1.074363574,,0,0,0,0,0
5.271211577,-1.378266659,,0,0,0,0,0
-3.102599743,1.906176742,,0,0,0,1,1
-2.75373829,-3.471070225,,0,0,1,0,1
-1.071066139,-0.553594625,,0,0,1,0,1
2.703676563,4.392987566,,0,0,0,0,0
1.05999164,-3.254508761,,0,0,0,0,0
-2.947615104,-2.447198875,,0,0,1,0,1
4.183110734,5.918711101,,0,0,0,0,0
-0.288023915,-1.192680126,,0,0,0,0,0
3.126464666,3.578024544,,1,0,0,0,1
-1.11245307,-1.498638935,,0,0,1,0,1
-1.075546316,5.527427511,,0,0,0,0,0
1.834715062,-4.260726868,,0,0,0,0,0
-1.962670929,2.14918217,,0,0,0,1,1
0.771032606,1.181474999,,0,1,0,0,1
3.920554575,2.898148534,,1,0,0,0,1
5.027678575,3.057982186,,1,0,0,0,1
-3.452855641,-2.813562103,,0,0,1,0,1
-2.645108682,4.386596761,,0,0,0,1,1
2.207185053,2.615572486,,0,1,0,0,1
5.661314801,1.119061292,,0,0,0,0,0
-2.260042874,1.172687073,,0,0,0,1,1
-3.867845946,0.274553859,,0,0,0,0,0
3.248745434,-2.500661337,,0,0,0,0,0
4.808196804,-4.09459321,,0,0,0,0,0
1.38609846,3.686925499,,0,0,0,0,0
-0.691330366,-0.551100181,,0,0,0,0,0
-1.018962108,-3.929079532,,0,0,0,0,0
-1.480763173,3.032232219,,0,0,0,1,1
3.319074045,5.80314373,,0,0,0,0,0
-2.356140514,1.1667158,,0,0,0,1,1
-0.117704781,-3.996470665,,0,0,0,0,0
1.828959688,0.3966375,,0,0,0,0,0
5.032760459,-1.505220615,,0,0,0,0,0
3.53615515,0.170483728,,0,0,0,0,0
1.543325369,3.157849465,,0,1,0,0,1
3.563329334,-2.664311019,,0,0,0,0,0
-4.392511097,4.02239208,,0,0,0,0,0
3.701074483,4.333363257,,0,0,0,0,0
-0.978702945,2.49410372,,0,0,0,1,1
0.531299092,0.744876505,,0,1,0,0,1
3.764658074,-4.693245774,,0,0,0,0,0
-4.890090274,-4.623775639,,0,0,0,0,0
-2.936393469,2.273710458,,0,0,0,1,1
3.593411205,-1.63092025,,0,0,0,0,0
-3.283271911,-0.76101058,,0,0,0,0,0
-3.849794359,5.269536945,,0,0,0,0,0
-2.8253386,5.207910145,,0,0,0,0,0
2.752181485,5.23666043,,0,0,0,0,0
-3.881003265,-3.952593364,,0,0,0,0,0
2.154882009,-2.635263243,,0,0,0,0,0
-4.792094147,1.206227415,,0,0,0,0,0
-2.217629191,5.871113931,,0,0,0,0,0
-1.973213907,2.860991567,,0,0,0,1,1
-2.705055654,1.086381886,,0,0,0,0,0
5.583842051,-3.30196163,,0,0,0,0,0
-3.590118103,1.647487873,,0,0,0,0,0
4.138966683,4.410593896,,0,0,0,0,0
4.908962235,2.461566251,,1,0,0,0,1
-0.984504719,-4.509721604,,0,0,0,0,0
-3.707817106,3.946449307,,0,0,0,1,1
4.598204179,-1.323166465,,0,0,0,0,0
0.647958239,1.282663548,,0,1,0,0,1
0.015603375,-3.428464406,,0,0,0,0,0
-2.443370826,-1.219868304,,0,0,1,0,1
4.205468939,2.677906204,,1,0,0,0,1
1.311710335,0.763530657,,0,1,0,0,1
-1.390966845,0.357103099,,0,0,0,0,0
-0.260707217,-2.954805807,,0,0,0,0,0
-4.828955375,-3.270764835,,0,0,0,0,0
-4.205312829,-3.469636116,,0,0,0,0,0
4.864993876,-0.309226076,,0,0,0,0,0
-2.340889309,-2.186658258,,0,0,1,0,1
2.79423266,1.605414424,,0,0,0,0,0
4.442632488,-1.423749847,,0,0,0,0,0
-3.968792414,0.166647552,,0,0,0,0,0
2.801252706,-2.018374019,,0,0,0,0,0
0.643196295,-1.55257094,,0,0,0,0,0
-4.194046197,5.485453476,,0,0,0,0,0
1.258801908,-4.848267854,,0,0,0,0,0
0.501252474,2.728908407,,0,1,0,0,1
-1.08716325,1.624984774,,0,0,0,1,1
5.679907142,-2.536813405,,0,0,0,0,0
1.621994024,3.104527877,,0,1,0,0,1
-2.875682966,-3.539430065,,0,0,0,0,0
-4.627107821,-2.717173228,,0,0,0,0,0
5.890453656,-2.681002756,,0,0,0,0,0
-2.55928507,-1.572856917,,0,0,1,0,1
0.011187894,4.776661048,,0,0,0,0,0
-2.727297006,-3.289449042,,0,0,1,0,1
-4.651596021,0.824225235,,0,0,0,0,0
-3.803982292,-3.307448607,,0,0,0,0,0
-0.187602207,3.935643728,,0,0,0,0,0
-3.085857781,-2.299090957,,0,0,1,0,1
5.95416324,1.945070443,,0,0,0,0,0
2.881809774,5.835779733,,0,0,0,0,0
2.102496974,2.11873549,,0,1,0,0,1
5.627906288,-3.631876779,,0,0,0,0,0
-3.976609797,-2.837950167,,0,0,0,0,0
1.975047699,3.180349931,,0,0,0,0,0
-3.461098796,-3.126181175,,0,0,0,0,0
-1.408207904,-0.879559375,,0,0,1,0,1
1.331231583,-0.593148063,,0,0,0,0,0
0.048159521,-4.259072542,,0,0,0,0,0
1.833205033,3.007487155,,0,1,0,0,1
5.68448058,-4.668605799,,0,0,0,0,0
-4.396949314,0.743042538,,0,0,0,0,0
-4.517676594,5.467437178,,0,0,0,0,0
-3.906728031,5.559486633,,0,0,0,0,0
-4.509925916,-0.272397946,,0,0,0,0,0
1.609998781,-1.357751144,,0,0,0,0,0
-3.021637131,4.873704031,,0,0,0,0,0
2.04045598,5.375454069,,0,0,0,0,0
4.399823774,-4.541746852,,0,0,0,0,0
4.074667029,-2.852010448,,0,0,0,0,0
-4.531810794,2.55118086,,0,0,0,0,0
-1.226687632,-1.068001693,,0,0,1,0,1
2.837898724,-2.637413975,,0,0,0,0,0
-0.730420269,-3.554898389,,0,0,0,0,0
4.207018128,-1.544212234,,0,0,0,0,0
-3.192197569,-0.080476545,,0,0,0,0,0
2.79411967,-4.116991281,,0,0,0,0,0
5.8209438,4.68042695,,0,0,0,0,0
-0.250631758,5.101714173,,0,0,0,0,0
4.032526622,-2.831248296,,0,0,0,0,0
-3.643864551,5.273808211,,0,0,0,0,0
0.661535721,1.288405905,,0,1,0,0,1
-1.934735224,1.3853523,,0,0,0,1,1
-4.010067598,-2.205707884,,0,0,0,0,0
-2.300340583,-3.871786106,,0,0,0,0,0
-3.288646536,-0.973925436,,0,0,1,0,1
-4.802938265,-4.663966066,,0,0,0,0,0
1.936981609,-2.064239834,,0,0,0,0,0
-1.944783145,-2.875224848,,0,0,1,0,1
-2.265125911,4.911239023,,0,0,0,1,1
1.94127923,0.347371244,,0,0,0,0,0
1.579185599,-3.530272767,,0,0,0,0,0
-3.58448303,-2.610038252,,0,0,1,0,1
-2.61074066,-3.456338523,,0,0,1,0,1
-3.407734334,0.60604484,,0,0,0,0,0
0.304691603,0.63331311,,0,0,0,0,0
4.873043552,0.980723609,,0,0,0,0,0
-2.289446459,-0.765183883,,0,0,1,0,1
-4.917691356,-0.022328801,,0,0,0,0,0
-1.419240584,-1.62722119,,0,0,1,0,1
-4.534909262,5.830252603,,0,0,0,0,0
4.623418862,-0.752273141,,0,0,0,0,0
-2.089047084,5.861403993,,0,0,0,0,0
1.934121734,-2.253978984,,0,0,0,0,0
0.307071708,5.615442683,,0,0,0,0,0
-1.098902656,-0.014083403,,0,0,0,0,0
-3.983878246,-3.640981634,,0,0,0,0,0
0.822546591,4.11705942,,0,0,0,0,0
-4.96213132,-3.593600378,,0,0,0,0,0
-4.134038957,4.694543028,,0,0,0,0,0
-3.16787792,0.818420234,,0,0,0,0,0
3.210833347,-4.059531694,,0,0,0,0,0
3.640403652,3.244566217,,1,0,0,0,1
-2.871193896,4.466120222,,0,0,0,1,1
-1.582939314,5.809410536,,0,0,0,0,0
5.733241901,2.632826373,,0,0,0,0,0
-3.473336326,2.320152909,,0,0,0,1,1
5.554938991,-3.881132526,,0,0,0,0,0
5.729925313,3.952816583,,0,0,0,0,0
2.728148037,-3.344232111,,0,0,0,0,0
5.685101215,0.774863263,,0,0,0,0,0
-2.724573527,5.695392527,,0,0,0,0,0
-1.053158326,-1.392160766,,0,0,1,0,1
-3.801022728,4.533481427,,0,0,0,0,0
-4.810804079,2.040952063,,0,0,0,0,0
-4.403460134,2.72770814,,0,0,0,0,0
-1.188443123,-3.093273786,,0,0,1,0,1
4.38004119,-2.326569349,,0,0,0,0,0
-3.743874122,3.654444416,,0,0,0,1,1
-1.959701727,5.997866688,,0,0,0,0,0
1.067611305,-4.163787397,,0,0,0,0,0
0.071183631,3.871983781,,0,0,0,0,0
-2.10886827,-3.456961263,,0,0,1,0,1
4.095142072,-0.862414092,,0,0,0,0,0
-4.886023949,2.737559436,,0,0,0,0,0
-0.482037482,-2.796065516,,0,0,1,0,1
-3.007431535,1.074308558,,0,0,0,0,0
5.688586058,4.771742888,,0,0,0,0,0
3.560349688,-2.192769552,,0,0,0,0,0
2.866690546,0.350155767,,0,0,0,0,0
-2.954528268,0.416863015,,0,0,0,0,0
-3.580134628,0.709205774,,0,0,0,0,0
-1.849351533,1.626378403,,0,0,0,1,1
-3.638574866,3.490226393,,0,0,0,1,1
1.479483424,-0.842644738,,0,0,0,0,0
-4.849755316,3.695715812,,0,0,0,0,0
3.752655232,-4.47329396,,0,0,0,0,0
3.192010378,0.687964061,,0,0,0,0,0
-1.301807289,-0.667383641,,0,0,1,0,1
4.357649942,-2.245812255,,0,0,0,0,0
-2.7706162,0.209084899,,0,0,0,0,0
-1.519613917,-1.028032238,,0,0,1,0,1
-0.550834072,4.313902641,,0,0,0,1,1
1.023861647,-4.272123338,,0,0,0,0,0
2.18580245,1.695321006,,0,1,0,0,1
3.262045828,-3.267001724,,0,0,0,0,0
5.113009125,-2.348155467,,0,0,0,0,0
-0.992458582,-4.760960112,,0,0,0,0,0
3.134525753,4.982037607,,0,0,0,0,0
1.359134437,5.838841723,,0,0,0,0,0
-2.146510705,-1.578896977,,0,0,1,0,1
-2.062397229,5.343676927,,0,0,0,0,0
0.542958557,-4.114257813,,0,0,0,0,0
-4.937777279,2.867705856,,0,0,0,0,0
-2.553400642,-1.59031984,,0,0,1,0,1
-4.377337668,3.092554901,,0,0,0,0,0
5.417141963,2.930047217,,0,0,0,0,0
0.258428927,-3.495061371,,0,0,0,0,0
-3.925125728,1.804831941,,0,0,0,0,0
-3.188966343,-2.244445313,,0,0,1,0,1
-1.940445346,5.942954519,,0,0,0,0,0
0.170074321,1.727157691,,0,1,0,0,1
-0.410926677,4.826329274,,0,0,0,0,0
-2.371036846,5.110449711,,0,0,0,0,0
-3.812446295,-0.7796246,,0,0,0,0,0
-1.711666011,5.920246382,,0,0,0,0,0
-1.739567694,-3.421718638,,0,0,1,0,1
0.041485076,1.159781244,,0,1,0,0,1
3.964066687,-2.841705836,,0,0,0,0,0
-4.317974965,-2.007221313,,0,0,0,0,0
5.015288978,2.704334659,,1,0,0,0,1
5.945466636,3.161751426,,0,0,0,0,0
-1.130701443,2.334766565,,0,0,0,1,1
5.158910338,-4.044782991,,0,0,0,0,0
4.242365097,2.820682277,,1,0,0,0,1
-1.09106324,3.658750321,,0,0,0,1,1
-3.178842865,-0.136601632,,0,0,0,0,0
1.616919606,-4.758669509,,0,0,0,0,0
-0.714341965,1.471453882,,0,0,0,1,1
-3.493673992,-0.335237463,,0,0,0,0,0
4.064011457,4.856294399,,0,0,0,0,0
2.149227991,1.44448915,,0,1,0,0,1
5.39959627,3.338446467,,0,0,0,0,0
5.486234483,3.443318919,,0,0,0,0,0
1.943979479,5.200834048,,0,0,0,0,0
3.150177519,3.760693887,,1,0,0,0,1
-3.011442403,1.971014974,,0,0,0,1,1
-3.33594304,-2.660712553,,0,0,1,0,1
1.712453094,4.071961177,,0,0,0,0,0
2.639641588,-0.534986917,,0,0,0,0,0
5.873553465,5.387756958,,0,0,0,0,0
-4.802008173,-2.349920452,,0,0,0,0,0
